xi,f(xi)
0.5,0
0.5,2.25
-0.25,0
-0.25,0.5625
-0.625,0
-0.625,0.140625
-0.8125,0
-0.8125,0.03515625
-0.90625,0
-0.90625,0.0087890625
-0.953125,0
-0.953125,0.002197265625
