xi,f(xi)
0.0,0
0.0,-4.0
1.3333333333333333,0
1.3333333333333333,3.160493827160493
1.0801186943620178,0
1.0801186943620178,0.6014432245378618
1.0053170636003428,0
1.0053170636003428,0.03738967427197526
